{
    "_id": "statesDoc",
    "docs": [{
        "name": "ALABAMA",
        "abbreviation": "AL",
        "capital": "Montgomery",
        "mostPopulousCity": "Birmingham",
        "population": "4708708",
        "squareMiles": "52423",
        "timeZone01": "CST (UTC-6)",
        "timeZone02": "EST (UTC-5)",
        "dst": "YES"
    }, {
        "name": "ALASKA",
        "abbreviation": "AK",
        "capital": "Juneau",
        "mostPopulousCity": "Anchorage",
        "population": "698473",
        "squareMiles": "656425",
        "timeZone01": "AKST (UTC-09)",
        "timeZone02": "HST (UTC-10)",
        "dst": "YES"
    }, {
        "name": "ARIZONA",
        "abbreviation": "AZ",
        "capital": "Phoenix",
        "mostPopulousCity": "Phoenix",
        "population": "6595778",
        "squareMiles": "114006",
        "timeZone01": "MT (UTC-07)",
        "timeZone02": "",
        "dst": "NO"
    }, {
        "name": "ARKANSAS",
        "abbreviation": "AR",
        "capital": "Little Rock",
        "mostPopulousCity": "Little Rock",
        "population": "2889450",
        "squareMiles": "53182",
        "timeZone01": "CST (UTC-6)",
        "timeZone02": "",
        "dst": "YES"
    }, {
        "name": "CALIFORNIA",
        "abbreviation": "CA",
        "capital": "Sacramento",
        "mostPopulousCity": "Los Angeles",
        "population": "36961664",
        "squareMiles": "163707",
        "timeZone01": "PT (UTC-8)",
        "timeZone02": "",
        "dst": "YES"
    }, {
        "name": "COLORADO",
        "abbreviation": "CO",
        "capital": "Denver",
        "mostPopulousCity": "Denver",
        "population": "5024748",
        "squareMiles": "104100",
        "timeZone01": "MT (UTC-07)",
        "timeZone02": "",
        "dst": "YES"
    }, {
        "name": "CONNECTICUT",
        "abbreviation": "CT",
        "capital": "Hartford",
        "mostPopulousCity": "Bridgeport",
        "population": "3518288",
        "squareMiles": "5544",
        "timeZone01": "EST (UTC-5)",
        "timeZone02": "",
        "dst": "YES"
    }, {
        "name": "DELAWARE",
        "abbreviation": "DE",
        "capital": "Dover",
        "mostPopulousCity": "Wilmington",
        "population": "885122",
        "squareMiles": "1954",
        "timeZone01": "EST (UTC-5)",
        "timeZone02": "",
        "dst": "YES"
    }, {
        "name": "FLORIDA",
        "abbreviation": "FL",
        "capital": "Tallahassee",
        "mostPopulousCity": "Jacksonville",
        "population": "18537969",
        "squareMiles": "65758",
        "timeZone01": "EST (UTC-5)",
        "timeZone02": "CST (UTC-6)",
        "dst": "YES"
    }, {
        "name": "GEORGIA",
        "abbreviation": "GA",
        "capital": "Atlanta",
        "mostPopulousCity": "Atlanta",
        "population": "9829211",
        "squareMiles": "59441",
        "timeZone01": "EST (UTC-5)",
        "timeZone02": "",
        "dst": "YES"
    }, {
        "name": "HAWAII",
        "abbreviation": "HI",
        "capital": "Honolulu",
        "mostPopulousCity": "Honolulu",
        "population": "1295178",
        "squareMiles": "10932",
        "timeZone01": "HST (UTC-10)",
        "timeZone02": "",
        "dst": "NO"
    }, {
        "name": "IDAHO",
        "abbreviation": "ID",
        "capital": "Boise",
        "mostPopulousCity": "Boise",
        "population": "1545801",
        "squareMiles": "83574",
        "timeZone01": "MT (UTC-07)",
        "timeZone02": "PT (UTC-8)",
        "dst": "YES"
    }, {
        "name": "ILLINOIS",
        "abbreviation": "IL",
        "capital": "Springfield",
        "mostPopulousCity": "Chicago",
        "population": "12910409",
        "squareMiles": "57918",
        "timeZone01": "CST (UTC-6)",
        "timeZone02": "",
        "dst": "YES"
    }, {
        "name": "INDIANA",
        "abbreviation": "IN",
        "capital": "Indianapolis",
        "mostPopulousCity": "Indianapolis",
        "population": "6423113",
        "squareMiles": "36420",
        "timeZone01": "EST (UTC-5)",
        "timeZone02": "CST (UTC-6)",
        "dst": "YES"
    }, {
        "name": "IOWA",
        "abbreviation": "IA",
        "capital": "Des Moines",
        "mostPopulousCity": "Des Moines",
        "population": "3007856",
        "squareMiles": "56276",
        "timeZone01": "CST (UTC-6)",
        "timeZone02": "",
        "dst": "YES"
    }, {
        "name": "KANSAS",
        "abbreviation": "KS",
        "capital": "Topeka",
        "mostPopulousCity": "Wichita",
        "population": "2818747",
        "squareMiles": "82282",
        "timeZone01": "CST (UTC-6)",
        "timeZone02": "MT (UTC-07)",
        "dst": "YES"
    }, {
        "name": "KENTUCKY",
        "abbreviation": "KY",
        "capital": "Frankfort",
        "mostPopulousCity": "Louisville",
        "population": "4314113",
        "squareMiles": "40411",
        "timeZone01": "EST (UTC-5)",
        "timeZone02": "CST (UTC-6)",
        "dst": "YES"
    }, {
        "name": "LOUISIANA",
        "abbreviation": "LA",
        "capital": "Baton Rouge",
        "mostPopulousCity": "New Orleans",
        "population": "4492076",
        "squareMiles": "51843",
        "timeZone01": "CST (UTC-6)",
        "timeZone02": "",
        "dst": "YES"
    }, {
        "name": "MAINE",
        "abbreviation": "ME",
        "capital": "Augusta",
        "mostPopulousCity": "Portland",
        "population": "1318301",
        "squareMiles": "35387",
        "timeZone01": "EST (UTC-5)",
        "timeZone02": "",
        "dst": "YES"
    }, {
        "name": "MARYLAND",
        "abbreviation": "MD",
        "capital": "Annapolis",
        "mostPopulousCity": "Baltimore",
        "population": "5699478",
        "squareMiles": "12407",
        "timeZone01": "EST (UTC-5)",
        "timeZone02": "",
        "dst": "YES"
    }, {
        "name": "MASSACHUSETTS",
        "abbreviation": "MA",
        "capital": "Boston",
        "mostPopulousCity": "Boston",
        "population": "6593587",
        "squareMiles": "10555",
        "timeZone01": "EST (UTC-5)",
        "timeZone02": "",
        "dst": "YES"
    }, {
        "name": "MICHIGAN",
        "abbreviation": "MI",
        "capital": "Lansing",
        "mostPopulousCity": "Detroit",
        "population": "9969727",
        "squareMiles": "96810",
        "timeZone01": "EST (UTC-5)",
        "timeZone02": "CST (UTC-6)",
        "dst": "YES"
    }, {
        "name": "MINNESOTA",
        "abbreviation": "MN",
        "capital": "Saint Paul",
        "mostPopulousCity": "Minneapolis",
        "population": "5266214",
        "squareMiles": "86943",
        "timeZone01": "CST (UTC-6)",
        "timeZone02": "",
        "dst": "YES"
    }, {
        "name": "MISSISSIPPI",
        "abbreviation": "MS",
        "capital": "Jackson",
        "mostPopulousCity": "Jackson",
        "population": "2951996",
        "squareMiles": "48434",
        "timeZone01": "CST (UTC-6)",
        "timeZone02": "",
        "dst": "YES"
    }, {
        "name": "MISSOURI",
        "abbreviation": "MO",
        "capital": "Jefferson City",
        "mostPopulousCity": "Kansas City",
        "population": "5987580",
        "squareMiles": "69709",
        "timeZone01": "CST (UTC-6)",
        "timeZone02": "",
        "dst": "YES"
    }, {
        "name": "MONTANA",
        "abbreviation": "MT",
        "capital": "Helena",
        "mostPopulousCity": "Billings",
        "population": "974989",
        "squareMiles": "147046",
        "timeZone01": "MT (UTC-07)",
        "timeZone02": "",
        "dst": "YES"
    }, {
        "name": "NEBRASKA",
        "abbreviation": "NE",
        "capital": "Lincoln",
        "mostPopulousCity": "Omaha",
        "population": "1796619",
        "squareMiles": "77358",
        "timeZone01": "CST (UTC-6)",
        "timeZone02": "MT (UTC-07)",
        "dst": "YES"
    }, {
        "name": "NEVADA",
        "abbreviation": "NV",
        "capital": "Carson City",
        "mostPopulousCity": "Las Vegas",
        "population": "2643085",
        "squareMiles": "110567",
        "timeZone01": "PT (UTC-8)",
        "timeZone02": "MT (UTC-07)",
        "dst": "YES"
    }, {
        "name": "NEW HAMPSHIRE",
        "abbreviation": "NH",
        "capital": "Concord",
        "mostPopulousCity": "Machester",
        "population": "1324575",
        "squareMiles": "9351",
        "timeZone01": "EST (UTC-5)",
        "timeZone02": "",
        "dst": "YES"
    }, {
        "name": "NEW JERSEY",
        "abbreviation": "NJ",
        "capital": "Trenton",
        "mostPopulousCity": "Newark",
        "population": "8707739",
        "squareMiles": "8722",
        "timeZone01": "EST (UTC-5)",
        "timeZone02": "",
        "dst": "YES"
    }, {
        "name": "NEW MEXICO",
        "abbreviation": "NM",
        "capital": "Santa Fe",
        "mostPopulousCity": "Albuquerque",
        "population": "2009671",
        "squareMiles": "121593",
        "timeZone01": "MT (UTC-07)",
        "timeZone02": "",
        "dst": "YES"
    }, {
        "name": "NEW YORK",
        "abbreviation": "NY",
        "capital": "Albany",
        "mostPopulousCity": "New York",
        "population": "19541453",
        "squareMiles": "54475",
        "timeZone01": "EST (UTC-5)",
        "timeZone02": "",
        "dst": "YES"
    }, {
        "name": "NORTH CAROLINA",
        "abbreviation": "NC",
        "capital": "Raleigh",
        "mostPopulousCity": "Charlotte",
        "population": "9380884",
        "squareMiles": "53821",
        "timeZone01": "EST (UTC-5)",
        "timeZone02": "",
        "dst": "YES"
    }, {
        "name": "NORTH DAKOTA",
        "abbreviation": "ND",
        "capital": "Bismarck",
        "mostPopulousCity": "Fargo",
        "population": "646844",
        "squareMiles": "70704",
        "timeZone01": "CST (UTC-6)",
        "timeZone02": "MT (UTC-07)",
        "dst": "YES"
    }, {
        "name": "OHIO",
        "abbreviation": "OH",
        "capital": "Columbus",
        "mostPopulousCity": "Columbus",
        "population": "11542645",
        "squareMiles": "44828",
        "timeZone01": "EST (UTC-5)",
        "timeZone02": "",
        "dst": "YES"
    }, {
        "name": "OKLAHOMA",
        "abbreviation": "OK",
        "capital": "Oklahoma City",
        "mostPopulousCity": "Oklahoma City",
        "population": "3687050",
        "squareMiles": "69903",
        "timeZone01": "CST (UTC-6)",
        "timeZone02": "",
        "dst": "YES"
    }, {
        "name": "OREGON",
        "abbreviation": "OR",
        "capital": "Salem",
        "mostPopulousCity": "Portland",
        "population": "3825657",
        "squareMiles": "98386",
        "timeZone01": "PT (UTC-8)",
        "timeZone02": "MT (UTC-07)",
        "dst": "YES"
    }, {
        "name": "PENNSYLVANIA",
        "abbreviation": "PA",
        "capital": "Harrisburg",
        "mostPopulousCity": "Philadelphia",
        "population": "12604767",
        "squareMiles": "46058",
        "timeZone01": "EST (UTC-5)",
        "timeZone02": "",
        "dst": "YES"
    }, {
        "name": "RHODE ISLAND",
        "abbreviation": "RI",
        "capital": "Providence",
        "mostPopulousCity": "Providence",
        "population": "1053209",
        "squareMiles": "1545",
        "timeZone01": "EST (UTC-5)",
        "timeZone02": "",
        "dst": "YES"
    }, {
        "name": "SOUTH CAROLINA",
        "abbreviation": "SC",
        "capital": "Columbia",
        "mostPopulousCity": "Columbia",
        "population": "4561242",
        "squareMiles": "32007",
        "timeZone01": "EST (UTC-5)",
        "timeZone02": "",
        "dst": "YES"
    }, {
        "name": "SOUTH DAKOTA",
        "abbreviation": "SD",
        "capital": "Pierre",
        "mostPopulousCity": "Sioux Falls",
        "population": "812383",
        "squareMiles": "77121",
        "timeZone01": "CST (UTC-6)",
        "timeZone02": "MT (UTC-07)",
        "dst": "YES"
    }, {
        "name": "TENNESSEE",
        "abbreviation": "TN",
        "capital": "Nashville",
        "mostPopulousCity": "Memphis",
        "population": "6296254",
        "squareMiles": "42146",
        "timeZone01": "CST (UTC-6)",
        "timeZone02": "EST (UTC-5)",
        "dst": "YES"
    }, {
        "name": "TEXAS",
        "abbreviation": "TX",
        "capital": "Austin",
        "mostPopulousCity": "Houston",
        "population": "24782302",
        "squareMiles": "268601",
        "timeZone01": "CST (UTC-6)",
        "timeZone02": "MT (UTC-07)",
        "dst": "YES"
    }, {
        "name": "UTAH",
        "abbreviation": "UT",
        "capital": "Salt Lake City",
        "mostPopulousCity": "Salt Lake City",
        "population": "2784572",
        "squareMiles": "84904",
        "timeZone01": "MT (UTC-07)",
        "timeZone02": "",
        "dst": "YES"
    }, {
        "name": "VERMONT",
        "abbreviation": "VT",
        "capital": "Montpelier",
        "mostPopulousCity": "Burlington",
        "population": "621760",
        "squareMiles": "9615",
        "timeZone01": "EST (UTC-5)",
        "timeZone02": "",
        "dst": "YES"
    }, {
        "name": "VIRGINIA",
        "abbreviation": "VA",
        "capital": "Richmond",
        "mostPopulousCity": "Virginia Beach",
        "population": "7882590",
        "squareMiles": "42769",
        "timeZone01": "EST (UTC-5)",
        "timeZone02": "",
        "dst": "YES"
    }, {
        "name": "WASHINGTON",
        "abbreviation": "WA",
        "capital": "Olympia",
        "mostPopulousCity": "Seattle",
        "population": "6664195",
        "squareMiles": "71303",
        "timeZone01": "PT (UTC-8)",
        "timeZone02": "",
        "dst": "YES"
    }, {
        "name": "WEST VIRGINIA",
        "abbreviation": "WV",
        "capital": "Charleston",
        "mostPopulousCity": "Charleston",
        "population": "1819777",
        "squareMiles": "24231",
        "timeZone01": "EST (UTC-5)",
        "timeZone02": "",
        "dst": "YES"
    }, {
        "name": "WISCONSIN",
        "abbreviation": "WI",
        "capital": "Madison",
        "mostPopulousCity": "Milwaukee",
        "population": "5654774",
        "squareMiles": "65503",
        "timeZone01": "CST (UTC-6)",
        "timeZone02": "",
        "dst": "YES"
    }, {
        "name": "WYOMING",
        "abbreviation": "WY",
        "capital": "Cheyenne",
        "mostPopulousCity": "Cheyenne",
        "population": "544270",
        "squareMiles": "97818",
        "timeZone01": "MT (UTC-07)",
        "timeZone02": "",
        "dst": "YES"
    }]
}